Name,AGE_SAMPLING
SCLL-493,69.80698152
SCLL-494,75.21149897
SCLL-531,71.68240931
SCLL-532,81.36071184
SCLL-533,84.1670089
