Name,AGE_SAMPLING
SCLL-545,65.14989733
SCLL-546,78.20396988
SCLL-547,78.28062971
SCLL-548,78.64202601
